Brand,Model,Case Material,Strap Material,Movement Type,Water Resistance,Case Diameter (mm),Case Thickness (mm),Band Width (mm),Dial Color,Crystal Material,Complications,Power Reserve,Price (USD)
Rolex,Submariner,Stainless Steel,Stainless Steel,Automatic,300 meters,40.0,13.0,20.0,Black,Sapphire,Date,48 hours,9500
Omega,Seamaster,Titanium,Rubber,Automatic,600 meters,43.5,14.47,21.0,Blue,Sapphire,Date,60 hours,5800
Tag Heuer,Carrera,Stainless Steel,Leather,Automatic,100 meters,41.0,13.0,20.0,White,Sapphire,Chronograph,42 hours,4200
Breitling,Navitimer,Stainless Steel,Stainless Steel,Automatic,30 meters,43.0,14.25,22.0,Black,Sapphire,Chronograph,70 hours,7900
Cartier,Tank Solo,Stainless Steel,Leather,Quartz,30 meters,31.0,6.05,20.0,Silver,Sapphire,None,,2800
Jaeger-LeCoultre,Reverso,Stainless Steel,Leather,Manual,30 meters,42.9,9.2,20.0,Black,Sapphire,None,45 hours,5500
Seiko,Prospex,Stainless Steel,Rubber,Automatic,200 meters,44.3,12.9,20.0,Black,Sapphire,Date,50 hours,1400
Citizen,Promaster,Stainless Steel,Stainless Steel,Eco-Drive,200 meters,42.0,13.0,22.0,Black,Mineral,Chronograph,270 days,1200
Tissot,Le Locle,Stainless Steel,Leather,Automatic,30 meters,39.3,9.75,19.0,White,Sapphire,Date,38 hours,650
Hamilton,Khaki Field,Stainless Steel,Leather,Automatic,100 meters,38.0,9.8,20.0,Black,Sapphire,None,80 hours,495
Longines,Master Collection,Stainless Steel,Leather,Automatic,30 meters,38.5,9.7,20.0,Silver,Sapphire,Date,64 hours,1150
Oris,Big Crown ProPilot,Stainless Steel,Textile,Automatic,100 meters,41.0,12.0,20.0,Black,Sapphire,"Date, GMT",38 hours,1800
Bell & Ross,Aviation,Stainless Steel,Rubber,Automatic,100 meters,42.0,11.5,24.0,Black,Sapphire,Chronograph,42 hours,4500
Sinn,104,Stainless Steel,Leather,Automatic,200 meters,41.0,11.5,20.0,Black,Sapphire,Date,42 hours,1400
Breguet,Classique,18k White Gold,Leather,Manual,30 meters,38.0,8.65,20.0,Silver,Sapphire,None,40 hours,16000
Audemars Piguet,Royal Oak,Stainless Steel,Stainless Steel,Automatic,50 meters,41.0,9.8,20.0,Silver,Sapphire,Date,60 hours,22000
Vacheron Constantin,Overseas,Stainless Steel,Rubber,Automatic,150 meters,41.0,11.0,22.0,Blue,Sapphire,Date,40 hours,19000
Omega,Speedmaster,Stainless Steel,Stainless Steel,Automatic,50 meters,42.0,14.5,20.0,Black,Sapphire,"Chronograph, Tachymeter",60 hours,4500
Breitling,Superocean,Stainless Steel,Rubber,Automatic,500 meters,42.0,13.3,20.0,Blue,Sapphire,Date,38 hours,3200
Panerai,Luminor Base Logo,Stainless Steel,Leather,Manual,100 meters,44.0,10.5,22.0,Black,Sapphire,None,56 hours,3900
Tudor,Black Bay,Stainless Steel,Leather,Automatic,200 meters,41.0,11.9,22.0,Black,Sapphire,None,70 hours,3500
Rolex,GMT-Master II,Stainless Steel,Stainless Steel,Automatic,100 meters,40.0,12.5,20.0,Black,Sapphire,GMT,48 hours,14000
IWC,Pilot's Watch,Stainless Steel,Leather,Automatic,60 meters,41.0,12.5,20.0,Black,Sapphire,Date,42 hours,4800
Jaeger-LeCoultre,Master Ultra Thin,Stainless Steel,Leather,Automatic,50 meters,39.0,7.58,20.0,Silver,Sapphire,None,70 hours,7500
Bell & Ross,BR 03-92,Ceramic,Rubber,Automatic,100 meters,42.0,9.3,22.0,Black,Sapphire,None,"4,200",0
Montblanc,1858 Geosphere,Stainless Steel,Leather,Automatic,100 meters,42.0,11.2,22.0,Black,Sapphire,"World Time, GMT",42 hours,6200
Cartier,Santos-Dumont,Stainless Steel,Leather,Quartz,30 meters,38.0,7.5,18.0,Silver,Sapphire,None,,3500
Audemars Piguet,Royal Oak,Stainless Steel,Stainless Steel,Automatic,50 meters,41.0,10.4,20.0,Black,Sapphire,Date,60 hours,21000
Rolex,Datejust,Stainless Steel,Jubilee,Automatic,100 meters,36.0,12.0,20.0,Silver,Sapphire,Date,70 hours,9000
Omega,Speedmaster Moonwatch,Stainless Steel,Stainless Steel,Manual,50 meters,42.0,14.3,20.0,Black,Hesalite,"Chronograph, Tachymeter",48 hours,5250
IWC,Portugieser,Stainless Steel,Alligator,Automatic,30 meters,40.4,12.3,20.0,Silver,Sapphire,Date,60 hours,8800
Audemars Piguet,Royal Oak,Stainless Steel,Stainless Steel,Automatic,50 meters,41.0,10.4,20.0,Black,Sapphire,Date,60 hours,17800
Blancpain,Fifty Fathoms,Stainless Steel,Canvas,Automatic,300 meters,45.0,15.4,23.0,Black,Sapphire,Date,120 hours,11500
Zenith,El Primero,Stainless Steel,Alligator,Automatic,100 meters,42.0,12.75,20.0,Silver,Sapphire,Chronograph,50 hours,6500
Breguet,Classique,18K Rose Gold,Leather,Automatic,30 meters,39.0,8.65,20.0,Silver,Sapphire,None,45 hours,23500
Piaget,Polo S,Stainless Steel,Stainless Steel,Automatic,100 meters,42.0,9.4,24.0,Blue,Sapphire,Date,50 hours,10000
Ulysse Nardin,Marine,Stainless Steel,Rubber,Automatic,100 meters,44.0,12.5,22.0,Blue,Sapphire,Date,60 hours,9500
Vacheron Constantin,Overseas,Stainless Steel,Stainless Steel,Automatic,150 meters,41.0,11.0,20.0,Silver,Sapphire,Date,60 hours,21500
Jaquet Droz,Grande Seconde,Stainless Steel,Leather,Automatic,30 meters,43.0,12.27,23.0,Black,Sapphire,None,68 hours,9800
Audemars Piguet,Royal Oak,Stainless Steel,Stainless Steel,Automatic,50 meters,41.0,10.4,20.0,Blue,Sapphire,Date,60 hours,19900
Blancpain,Fifty Fathoms,Stainless Steel,Canvas,Automatic,300 meters,45.0,15.5,22.0,Black,Sapphire,Date,120 hours,14400
Breguet,Type XXI,Stainless Steel,Leather,Automatic,100 meters,42.0,13.85,22.0,Silver,Sapphire,Chronograph,48 hours,9500
Bulgari,Octo Finissimo,Titanium,Leather,Automatic,100 meters,40.0,5.15,28.0,Black,Sapphire,None,60 hours,12800
Chopard,Mille Miglia,Stainless Steel,Leather,Automatic,50 meters,44.0,13.7,20.0,Black,Sapphire,Chronograph,42 hours,6500
Girard-Perregaux,Laureato,Stainless Steel,Stainless Steel,Automatic,100 meters,42.0,10.88,20.0,Blue,Sapphire,None,54 hours,7800
Glashütte Original,Senator,Stainless Steel,Leather,Automatic,50 meters,42.0,12.2,21.0,Silver,Sapphire,None,40 hours,9200
Hublot,Classic Fusion,Titanium,Rubber,Automatic,50 meters,42.0,9.3,20.0,Black,Sapphire,None,42 hours,6500
IWC,Portugieser,Stainless Steel,Leather,Automatic,30 meters,41.0,12.3,22.0,Silver,Sapphire,None,60 hours,8400
Jaquet Droz,Grande Seconde,Stainless Steel,Leather,Automatic,30 meters,43.0,12.13,23.0,Silver,Sapphire,None,68 hours,6200
Longines,Master Collection,Stainless Steel,Leather,Automatic,30 meters,38.5,9.3,20.0,Blue,Sapphire,Date,42 hours,1600
Patek Philippe,Nautilus,Stainless Steel,Stainless Steel,Automatic,120 meters,40.5,8.3,20.0,Blue,Sapphire,Date,45 hours,29800
Audemars Piguet,Royal Oak,Stainless Steel,Stainless Steel,Automatic,50 meters,41.0,9.8,20.0,Blue,Sapphire,Date,60 hours,24500
IWC,Portugieser,Stainless Steel,Leather,Automatic,30 meters,41.0,12.3,22.0,Silver,Sapphire,None,60 hours,7950
Hublot,Classic Fusion,Titanium,Rubber,Automatic,50 meters,42.0,10.5,22.0,Black,Sapphire,None,42 hours,8200
Blancpain,Fifty Fathoms,Stainless Steel,Canvas,Automatic,300 meters,45.0,15.4,23.0,Black,Sapphire,Date,120 hours,11500
Zenith,Chronomaster,Stainless Steel,Leather,Automatic,100 meters,42.0,13.1,22.0,Silver,Sapphire,Chronograph,50 hours,9400
Girard-Perregaux,Laureato,Stainless Steel,Stainless Steel,Automatic,100 meters,38.0,10.88,25.0,Blue,Sapphire,None,54 hours,6700
Chopard,Mille Miglia,Stainless Steel,Leather,Automatic,50 meters,42.0,11.43,20.0,Black,Sapphire,Chronograph,42 hours,6100
Vacheron Constantin,Overseas,Stainless Steel,Stainless Steel,Automatic,150 meters,41.0,11.0,22.0,Blue,Sapphire,Date,60 hours,16300
Montblanc,1858,Stainless Steel,Leather,Automatic,100 meters,42.0,12.8,22.0,Black,Sapphire,None,38 hours,3600
Ulysse Nardin,Marine,Stainless Steel,Rubber,Automatic,300 meters,44.0,12.5,22.0,Black,Sapphire,Date,60 hours,9500
Rolex,Datejust,Stainless Steel,Stainless Steel,Automatic,100 meters,41.0,11.2,20.0,Silver,Sapphire,Date,70 hours,8900
Patek Philippe,Nautilus,Stainless Steel,Stainless Steel,Automatic,120 meters,40.8,8.3,20.0,Blue,Sapphire,"Date, Moon Phase",48 hours,44500
Audemars Piguet,Royal Oak,Stainless Steel,Stainless Steel,Automatic,50 meters,41.0,10.4,20.0,Blue,Sapphire,Date,60 hours,17000
Tudor,Black Bay,Stainless Steel,Fabric,Automatic,200 meters,41.0,12.7,22.0,Black,Sapphire,None,70 hours,4500
IWC,Portugieser,Stainless Steel,Leather,Automatic,30 meters,41.0,12.3,22.0,Silver,Sapphire,"Chronograph, Date",46 hours,8300
Panerai,Luminor Marina,Stainless Steel,Leather,Automatic,300 meters,44.0,13.05,24.0,Black,Sapphire,"Date, Second Time Zone",72 hours,8900
Blancpain,Fifty Fathoms,Stainless Steel,Fabric,Automatic,300 meters,43.6,13.83,23.0,Black,Sapphire,"Date, Unidirectional Bezel",120 hours,12000
Hublot,Classic Fusion,Titanium,Rubber,Automatic,50 meters,45.0,10.95,24.0,Blue,Sapphire,Date,42 hours,7500
Zenith,Chronomaster,Stainless Steel,Leather,Automatic,50 meters,42.0,14.05,22.0,Silver,Sapphire,"Chronograph, Date",50 hours,6900
Vacheron Constantin,Overseas,Stainless Steel,Stainless Steel,Automatic,50 meters,41.0,11.0,20.0,Blue,Sapphire,"Date, Second Time Zone",60 hours,15500
Girard-Perregaux,Laureato,Stainless Steel,Stainless Steel,Automatic,100 meters,42.0,10.88,22.0,Black,Sapphire,None,54 hours,11200
Audemars Piguet,Royal Oak,Stainless Steel,Stainless Steel,Automatic,50 meters,39.0,9.4,20.0,Blue,Sapphire,"Date, Power Reserve Indicator",60 hours,18900
Patek Philippe,Nautilus,Stainless Steel,Stainless Steel,Automatic,120 meters,40.5,8.3,20.0,Blue,Sapphire,Date,45 hours,49800
IWC,Pilot's Watch,Stainless Steel,Leather,Automatic,60 meters,41.0,12.5,20.0,Black,Sapphire,"Date, Chronograph",44 hours,5500
Panerai,Luminor,Titanium,Rubber,Automatic,300 meters,44.0,15.65,24.0,Black,Sapphire,Date,72 hours,9600
Breguet,Type XX,Stainless Steel,Leather,Automatic,100 meters,39.5,14.1,20.0,Black,Sapphire,"Date, Chronograph, Flyback",48 hours,8800
Blancpain,Fifty Fathoms,Stainless Steel,Rubber,Automatic,300 meters,43.0,13.4,23.0,Black,Sapphire,Date,120 hours,14700
Girard-Perregaux,Laureato,Stainless Steel,Stainless Steel,Automatic,100 meters,42.0,10.88,22.0,Blue,Sapphire,Date,54 hours,10600
Vacheron Constantin,Overseas,Stainless Steel,Stainless Steel,Automatic,150 meters,41.0,11.0,20.0,Black,Sapphire,Date,60 hours,19200
Zenith,El Primero,Stainless Steel,Leather,Automatic,100 meters,38.0,12.15,19.0,Silver,Sapphire,Chronograph,50 hours,7500
Chopard,Mille Miglia,Stainless Steel,Leather,Automatic,50 meters,42.0,12.67,20.0,Black,Sapphire,Chronograph,48 hours,5600
Longines,HydroConquest,Stainless Steel,Stainless Steel,Automatic,300 meters,43.0,12.75,22.0,Blue,Sapphire,Date,64 hours,1400
Rolex,Submariner,Stainless Steel,Stainless Steel,Automatic,300 meters,40.0,13.0,20.0,Black,Sapphire,Date,48 hours,9500
Omega,Seamaster,Titanium,Rubber,Automatic,600 meters,43.5,14.47,21.0,Blue,Sapphire,Date,60 hours,5800
Tag Heuer,Carrera,Stainless Steel,Leather,Automatic,100 meters,41.0,13.0,20.0,White,Sapphire,Chronograph,42 hours,4200
Breitling,Navitimer,Stainless Steel,Stainless Steel,Automatic,30 meters,43.0,14.25,22.0,Black,Sapphire,Chronograph,70 hours,7900
Cartier,Tank Solo,Stainless Steel,Leather,Quartz,30 meters,31.0,6.05,20.0,Silver,Sapphire,None,,2800
Jaeger-LeCoultre,Reverso,Stainless Steel,Leather,Manual,30 meters,42.9,9.2,20.0,Black,Sapphire,None,45 hours,5500
Tudor,Black Bay,Stainless Steel,Leather,Automatic,200 meters,41.0,12.75,22.0,Black,Sapphire,Date,70 hours,3500
Seiko,Prospex,Stainless Steel,Silicone,Automatic,200 meters,42.3,13.4,22.0,Blue,Hardlex,None,50 hours,650
Citizen,Promaster,Titanium,Titanium,Eco-Drive,200 meters,46.5,15.0,23.0,Black,Sapphire,Chronograph,210 days,995
Hamilton,Khaki Field Auto,Stainless Steel,Leather,Automatic,100 meters,38.0,9.85,20.0,Black,Sapphire,None,80 hours,545
Bulova,Precisionist,Stainless Steel,Stainless Steel,Quartz,300 meters,46.5,17.5,24.0,Black,Mineral,Chronograph,,650
Omega,Speedmaster,Stainless Steel,Stainless Steel,Manual,50 meters,42.0,14.3,20.0,Black,Hesalite,"Chronograph, Tachymeter",48 hours,5500
Breitling,Superocean Heritage,Stainless Steel,Rubber,Automatic,200 meters,42.0,14.35,22.0,Black,Sapphire,Date,38 hours,4800
Jaeger-LeCoultre,Master Control,Stainless Steel,Leather,Automatic,50 meters,40.0,8.8,20.0,Silver,Sapphire,Date,70 hours,6500
Cartier,Santos,Stainless Steel,Stainless Steel,Automatic,100 meters,39.8,9.08,21.5,Silver,Sapphire,Date,42 hours,7500
Zenith,Elite,Stainless Steel,Leather,Automatic,50 meters,40.5,9.15,20.0,Silver,Sapphire,None,50 hours,4500
Panerai,Luminor Base,Stainless Steel,Leather,Manual,100 meters,44.0,10.5,24.0,Black,Sapphire,None,56 hours,5800
Audemars Piguet,Royal Oak,Stainless Steel,Stainless Steel,Automatic,50 meters,41.0,10.4,20.0,Silver,Sapphire,Date,60 hours,21000
IWC,Pilot's Watch,Stainless Steel,Leather,Automatic,60 meters,41.0,10.86,20.0,Black,Sapphire,Date,42 hours,3800
Tudor,Black Bay,Stainless Steel,Leather,Automatic,200 meters,41.0,12.7,22.0,Black,Sapphire,Date,70 hours,3900
Longines,Conquest VHP,Stainless Steel,Stainless Steel,Quartz,50 meters,41.0,12.1,20.0,Black,Sapphire,"Chronograph, Date",,1500
Sinn,U1,Stainless Steel,Rubber,Automatic,1000 meters,44.0,14.3,22.0,Black,Sapphire,None,38 hours,2500
Patek Philippe,Nautilus,Stainless Steel,Stainless Steel,Automatic,120 meters,40.8,8.3,20.0,Blue,Sapphire,"Date, Power Reserve, Moon Phase",45 hours,38000
Audemars Piguet,Royal Oak,Rose Gold,Rose Gold,Automatic,50 meters,41.0,9.8,20.0,Blue,Sapphire,Date,60 hours,55000
Vacheron Constantin,Overseas,Stainless Steel,Stainless Steel,Automatic,150 meters,41.0,11.0,22.0,Blue,Sapphire,"Date, Power Reserve",40 hours,21000
A. Lange & Sohne,Saxonia,White Gold,Leather,Manual,30 meters,38.5,7.8,18.0,Silver,Sapphire,None,45 hours,23000
Breguet,Classique,Rose Gold,Leather,Manual,30 meters,38.5,8.25,20.0,Silver,Sapphire,Power Reserve,65 hours,23000
IWC,Portugieser,Stainless Steel,Leather,Automatic,30 meters,41.0,12.3,22.0,Blue,Sapphire,None,60 hours,8500
Blancpain,Fifty Fathoms,Stainless Steel,Fabric,Automatic,300 meters,45.0,15.5,23.0,Black,Sapphire,Date,120 hours,14000
Hublot,Big Bang,Titanium,Rubber,Automatic,100 meters,44.0,14.5,24.0,Blue,Sapphire,Chronograph,72 hours,16000
Panerai,Luminor Marina,Stainless Steel,Leather,Automatic,300 meters,44.0,15.65,24.0,Black,Sapphire,None,72 hours,8500
Zenith,El Primero,Stainless Steel,Leather,Automatic,100 meters,42.0,12.75,20.0,Silver,Sapphire,Chronograph,50 hours,6000
Piaget,Altiplano,White Gold,Leather,Manual,30 meters,38.0,6.1,20.0,Silver,Sapphire,None,43 hours,16500
Seiko,Prospex,Stainless Steel,Silicone,Automatic,200 meters,44.3,12.7,20.0,Blue,Sapphire,Day/Date,41 hours,1200
Panerai,Luminor Due,Stainless Steel,Leather,Automatic,30 meters,38.0,11.2,20.0,Black,Sapphire,None,72 hours,6500
IWC,Portugieser,Stainless Steel,Leather,Automatic,30 meters,41.0,12.3,22.0,Blue,Sapphire,"Chronograph, Moon Phase",46 hours,9800
Blancpain,Fifty Fathoms,Titanium,Rubber,Automatic,300 meters,45.0,15.5,23.0,Black,Sapphire,None,120 hours,16800
Audemars Piguet,Royal Oak,Stainless Steel,Stainless Steel,Automatic,50 meters,41.0,9.5,20.0,Black,Sapphire,Date,60 hours,19800
Patek Philippe,Nautilus,Stainless Steel,Stainless Steel,Automatic,120 meters,40.8,8.3,20.0,Blue,Sapphire,Date,45 hours,47000
Breguet,Classique,18K Rose Gold,Leather,Automatic,30 meters,40.0,6.8,20.0,White,Sapphire,None,55 hours,19000
Vacheron Constantin,Patrimony,18K White Gold,Leather,Manual,30 meters,40.0,6.79,20.0,Silver,Sapphire,None,65 hours,18500
Chopard,Mille Miglia,Stainless Steel,Leather,Automatic,50 meters,44.0,14.97,22.0,Black,Sapphire,Chronograph,42 hours,5800
Longines,Conquest,Stainless Steel,Stainless Steel,Automatic,300 meters,41.0,13.2,20.0,Black,Sapphire,Chronograph,54 hours,2200
Montblanc,1858,Stainless Steel,Leather,Manual,30 meters,44.0,12.3,22.0,Black,Sapphire,None,50 hours,3500
Rolex,GMT-Master II,Stainless Steel,Stainless Steel,Automatic,100 meters,40.0,12.5,20.0,Black,Sapphire,"GMT, Date",70 hours,9950
Omega,Speedmaster,Stainless Steel,Stainless Steel,Automatic,50 meters,42.0,13.7,20.0,Black,Hesalite,Chronograph,48 hours,4950
Patek Philippe,Nautilus,Stainless Steel,Stainless Steel,Automatic,120 meters,40.8,8.3,20.0,Blue,Sapphire,Date,45 hours,38000
Audemars Piguet,Royal Oak,Stainless Steel,Stainless Steel,Automatic,50 meters,41.0,9.8,20.0,Blue,Sapphire,Date,60 hours,22000
IWC,Portugieser,Stainless Steel,Leather,Automatic,30 meters,41.0,12.3,22.0,Silver,Sapphire,None,46 hours,7500
Jaeger-LeCoultre,Master Ultra Thin,Stainless Steel,Leather,Automatic,50 meters,39.0,7.58,20.0,Silver,Sapphire,Date,70 hours,8900
Blancpain,Fifty Fathoms,Stainless Steel,Fabric,Automatic,300 meters,45.0,15.4,23.0,Black,Sapphire,Date,120 hours,13900
Breguet,Classique,Rose Gold,Leather,Manual,30 meters,40.0,6.8,20.0,Silver,Sapphire,None,65 hours,20500
Ulysse Nardin,Marine,Titanium,Rubber,Automatic,300 meters,44.0,14.5,22.0,Blue,Sapphire,Date,60 hours,9500
Hublot,Big Bang,Ceramic,Rubber,Automatic,100 meters,41.0,14.5,20.0,Black,Sapphire,Chronograph,72 hours,16000
Zenith,El Primero,Stainless Steel,Leather,Automatic,100 meters,38.0,12.75,20.0,White,Sapphire,Chronograph,50 hours,5500
Rolex,Datejust,Stainless Steel,Stainless Steel,Automatic,100 meters,41.0,11.8,20.0,Black,Sapphire,Date,70 hours,8200
Omega,Speedmaster Moonwatch,Stainless Steel,Stainless Steel,Manual,50 meters,42.0,13.2,20.0,Black,Hesalite,"Chronograph, Tachymeter",48 hours,5500
Cartier,Ballon Bleu,Stainless Steel,Stainless Steel,Automatic,30 meters,33.0,9.96,18.0,Silver,Sapphire,Date,42 hours,6500
Breitling,Superocean,Stainless Steel,Rubber,Automatic,500 meters,42.0,13.32,20.0,Blue,Sapphire,Date,38 hours,3600
Patek Philippe,Calatrava,Rose Gold,Leather,Manual,30 meters,36.0,7.45,18.0,White,Sapphire,None,44 hours,18000
Hublot,Big Bang,Titanium,Rubber,Automatic,100 meters,42.0,14.5,24.0,Black,Sapphire,"Chronograph, Date",72 hours,8900
Blancpain,Fifty Fathoms,Stainless Steel,Canvas,Automatic,300 meters,45.0,15.4,23.0,Black,Sapphire,"Date, Rotating Bezel",120 hours,13500
Audemars Piguet,Royal Oak,Stainless Steel,Stainless Steel,Automatic,50 meters,41.0,10.4,20.0,Blue,Sapphire,Date,60 hours,26000
Zenith,El Primero,Stainless Steel,Leather,Automatic,100 meters,42.0,12.75,22.0,Black,Sapphire,Chronograph,50 hours,6500
IWC,Portugieser,Stainless Steel,Leather,Automatic,30 meters,41.5,12.3,22.0,Silver,Sapphire,None,60 hours,7800
Jaeger-LeCoultre,Master Ultra Thin,Stainless Steel,Leather,Automatic,50 meters,38.0,7.58,20.0,Silver,Sapphire,None,70 hours,4500
Patek Philippe,Nautilus,Stainless Steel,Stainless Steel,Automatic,120 meters,40.5,8.3,22.0,Blue,Sapphire,Date,45 hours,29800
Audemars Piguet,Royal Oak,Stainless Steel,Stainless Steel,Automatic,50 meters,41.0,9.8,20.0,Black,Sapphire,Date,60 hours,23100
IWC,Portugieser,Stainless Steel,Leather,Automatic,30 meters,41.0,12.3,22.0,Silver,Sapphire,None,60 hours,7950
Vacheron Constantin,Overseas,Stainless Steel,Rubber,Automatic,150 meters,41.5,11.0,22.0,Blue,Sapphire,Date,40 hours,18900
Blancpain,Fifty Fathoms,Stainless Steel,Canvas,Automatic,300 meters,45.0,15.5,23.0,Black,Sapphire,Date,120 hours,12800
Hublot,Big Bang,Ceramic,Rubber,Automatic,100 meters,44.0,14.5,26.0,Black,Sapphire,Chronograph,72 hours,17900
Breguet,Classique,18k Rose Gold,Leather,Manual,30 meters,39.0,8.65,20.0,Silver,Sapphire,None,40 hours,15200
Ulysse Nardin,Marine,Stainless Steel,Leather,Automatic,100 meters,42.2,14.2,22.0,Blue,Sapphire,Date,60 hours,8400
Zenith,Defy,Titanium,Rubber,Automatic,100 meters,41.0,10.75,22.0,Blue,Sapphire,Chronograph,50 hours,9500
Girard-Perregaux,Laureato,Stainless Steel,Stainless Steel,Automatic,100 meters,42.0,10.88,22.0,Silver,Sapphire,None,46 hours,9200
Panerai,Luminor,Stainless Steel,Leather,Manual,100 meters,44.0,13.05,24.0,Black,Sapphire,None,56 hours,7500
Seiko,Prospex,Stainless Steel,Silicone,Automatic,200 meters,43.0,13.2,22.0,Blue,Hardlex,Date,50 hours,1300
Tissot,Le Locle,Stainless Steel,Leather,Automatic,30 meters,39.3,9.75,20.0,Silver,Sapphire,Date,38 hours,650
Longines,Master Collection,Stainless Steel,Leather,Automatic,30 meters,40.0,10.25,20.0,Black,Sapphire,Date,64 hours,2500
Hamilton,Jazzmaster,Stainless Steel,Leather,Automatic,50 meters,40.0,11.15,20.0,Silver,Sapphire,Date,80 hours,1150
Montblanc,Heritage,Stainless Steel,Leather,Automatic,50 meters,40.0,9.85,20.0,Silver,Sapphire,Date,42 hours,2750
Rado,True Thinline,High-Tech Ceramic,Leather,Quartz,30 meters,39.0,5.0,22.0,Black,Sapphire,None,,1600
Frederique Constant,Classics,Stainless Steel,Leather,Automatic,50 meters,40.0,10.5,20.0,Silver,Sapphire,Date,38 hours,1400
Zenith,Elite,Stainless Steel,Leather,Automatic,50 meters,40.5,8.15,22.0,White,Sapphire,Date,50 hours,5500
Girard-Perregaux,Laureato,Stainless Steel,Stainless Steel,Automatic,100 meters,38.0,10.88,25.0,Black,Sapphire,Date,46 hours,8700
Ulysse Nardin,Marine Torpilleur,Stainless Steel,Leather,Automatic,50 meters,42.0,11.15,20.0,Blue,Sapphire,Date,60 hours,7900
Sinn,U50,German Submarine Steel,Silicone,Automatic,500 meters,45.0,14.7,22.0,Black,Sapphire,None,38 hours,3350
Rolex,Datejust,Stainless Steel,Jubilee,Automatic,100 meters,36.0,12.5,20.0,Black,Sapphire,Date,70 hours,8000
Omega,Speedmaster,Stainless Steel,Stainless Steel,Automatic,50 meters,42.0,13.5,20.0,Black,Sapphire,Chronograph,60 hours,6500
Cartier,Ballon Bleu,Stainless Steel,Leather,Automatic,30 meters,33.0,9.96,16.0,Silver,Sapphire,Date,42 hours,4500
Tag Heuer,Aquaracer,Stainless Steel,Stainless Steel,Quartz,300 meters,43.0,10.8,20.0,Blue,Sapphire,None,,1800
Breitling,Superocean,Stainless Steel,Rubber,Automatic,2000 meters,42.0,13.32,20.0,Blue,Sapphire,Date,38 hours,3600
IWC,Portugieser,Stainless Steel,Leather,Automatic,30 meters,41.0,12.3,22.0,Blue,Sapphire,Date,60 hours,8900
Panerai,Luminor Marina,Titanium,Leather,Manual,300 meters,44.0,13.05,24.0,Black,Sapphire,None,56 hours,5700
Patek Philippe,Nautilus,Stainless Steel,Stainless Steel,Automatic,120 meters,40.5,8.3,22.0,Blue,Sapphire,Date,45 hours,34000
Jaeger-LeCoultre,Master Ultra Thin,Stainless Steel,Leather,Automatic,50 meters,39.0,7.58,20.0,Silver,Sapphire,None,43 hours,6800
Bell & Ross,BR V2-92,Stainless Steel,Rubber,Automatic,100 meters,41.0,9.7,22.0,Black,Sapphire,Date,40 hours,2500
Montblanc,1858,Bronze,Leather,Automatic,100 meters,44.0,12.8,22.0,Black,Sapphire,None,42 hours,5300
Patek Philippe,Nautilus,Stainless Steel,Stainless Steel,Automatic,120 meters,40.5,8.3,22.0,Blue,Sapphire,Date,45 hours,34000
Audemars Piguet,Royal Oak,Stainless Steel,Stainless Steel,Automatic,50 meters,41.0,9.8,20.0,Black,Sapphire,Date,60 hours,22000
Vacheron Constantin,Overseas,Stainless Steel,Rubber,Automatic,150 meters,41.0,11.0,21.0,Blue,Sapphire,Date,60 hours,17500
IWC,Portugieser,Stainless Steel,Leather,Automatic,30 meters,41.0,13.1,22.0,Silver,Sapphire,Date,60 hours,8500
Hublot,Big Bang,Ceramic,Rubber,Automatic,100 meters,44.5,14.5,22.0,Black,Sapphire,Chronograph,72 hours,15000
Zenith,El Primero,Stainless Steel,Leather,Automatic,100 meters,38.0,12.4,19.0,White,Sapphire,Chronograph,50 hours,6000
Chopard,Mille Miglia,Stainless Steel,Leather,Automatic,50 meters,42.0,12.67,20.0,Black,Sapphire,Chronograph,48 hours,5000
Panerai,Luminor,Titanium,Rubber,Automatic,300 meters,44.0,13.05,24.0,Black,Sapphire,None,72 hours,8500
Girard-Perregaux,Laureato,Stainless Steel,Stainless Steel,Automatic,100 meters,42.0,10.88,22.0,Blue,Sapphire,Date,54 hours,9000
Blancpain,Fifty Fathoms,Stainless Steel,NATO Strap,Automatic,300 meters,45.0,15.5,23.0,Black,Sapphire,None,120 hours,12500
Bulgari,Octo Finissimo,Titanium,Leather,Automatic,30 meters,40.0,5.5,21.0,Black,Sapphire,None,55 hours,10000
Tudor,Black Bay,Stainless Steel,Leather,Automatic,200 meters,41.0,12.7,22.0,Black,Sapphire,Date,70 hours,3800
Panerai,Luminor Marina,Stainless Steel,Leather,Automatic,300 meters,44.0,13.05,22.0,Black,Sapphire,Date,72 hours,8900
Hublot,Big Bang,Titanium,Rubber,Automatic,100 meters,44.0,14.5,25.0,Black,Sapphire,Chronograph,72 hours,16800
IWC,Portugieser,Stainless Steel,Leather,Automatic,30 meters,40.9,12.3,20.0,Silver,Sapphire,Date,44 hours,6900
Audemars Piguet,Royal Oak,Stainless Steel,Stainless Steel,Automatic,50 meters,41.0,9.8,20.0,Blue,Sapphire,Date,60 hours,24500
Vacheron Constantin,Overseas,Stainless Steel,Rubber,Automatic,150 meters,41.5,11.0,21.0,Silver,Sapphire,Date,40 hours,19500
Breguet,Classique,18k White Gold,Leather,Automatic,30 meters,39.0,8.65,20.0,Silver,Sapphire,Date,55 hours,24500
Piaget,Altiplano,18k Rose Gold,Leather,Manual,30 meters,38.0,6.0,20.0,White,Sapphire,None,43 hours,20800
Blancpain,Fifty Fathoms,Stainless Steel,Fabric,Automatic,300 meters,45.0,15.5,23.0,Black,Sapphire,Date,120 hours,13000
Girard-Perregaux,Laureato,Stainless Steel,Stainless Steel,Automatic,100 meters,41.0,10.88,22.0,Black,Sapphire,Date,46 hours,9700
Zenith,Chronomaster,Stainless Steel,Leather,Automatic,50 meters,42.0,14.05,22.0,Silver,Sapphire,Chronograph,50 hours,7400
Breitling,Superocean Heritage II,Stainless Steel,Rubber,Automatic,200 meters,44.0,14.2,22.0,Black,Sapphire,Date,70 hours,4300
Cartier,Santos de Cartier,Stainless Steel,Stainless Steel,Automatic,100 meters,39.8,9.08,20.0,Silver,Sapphire,Date,42 hours,6500
Omega,Speedmaster,Stainless Steel,Leather,Manual,50 meters,42.0,13.7,20.0,Black,Hesalite,Chronograph,48 hours,5500
Rolex,GMT-Master II,Stainless Steel,Stainless Steel,Automatic,100 meters,40.0,12.4,20.0,Black,Sapphire,"GMT, Date",70 hours,9100
Jaeger-LeCoultre,Master Control,Stainless Steel,Leather,Automatic,50 meters,40.0,8.8,20.0,Silver,Sapphire,Date,70 hours,7500
Audemars Piguet,Royal Oak,Stainless Steel,Stainless Steel,Automatic,50 meters,41.0,10.4,20.0,Blue,Sapphire,Date,60 hours,20900
IWC,Pilot's Watch Mark XVIII,Stainless Steel,Leather,Automatic,60 meters,40.0,10.8,20.0,Black,Sapphire,Date,42 hours,4200
Patek Philippe,Calatrava,18k White Gold,Leather,Automatic,30 meters,39.0,8.6,20.0,Silver,Sapphire,Date,48 hours,22000
Tag Heuer,Aquaracer,Stainless Steel,Stainless Steel,Quartz,300 meters,32.0,9.5,15.0,Blue,Sapphire,None,,1700
Tudor,Black Bay,Stainless Steel,Leather,Automatic,200 meters,41.0,12.7,22.0,Black,Sapphire,Date,70 hours,3600
Rolex,Datejust,Stainless Steel,Jubilee Bracelet,Automatic,100 meters,36.0,12.5,20.0,Silver,Sapphire,Date,70 hours,8900
Omega,Speedmaster,Stainless Steel,Stainless Steel,Automatic,50 meters,42.0,13.5,20.0,Black,Sapphire,Chronograph,60 hours,6800
Tag Heuer,Aquaracer,Stainless Steel,Stainless Steel,Quartz,300 meters,43.0,10.8,21.0,Blue,Sapphire,Date,,2600
Breitling,Superocean Heritage,Stainless Steel,Leather,Automatic,200 meters,42.0,14.35,20.0,Black,Sapphire,Date,38 hours,4400
Cartier,Ballon Bleu,18k Rose Gold,Leather,Automatic,30 meters,33.0,9.96,18.0,Silver,Sapphire,Date,42 hours,13000
Jaeger-LeCoultre,Master Control,Stainless Steel,Leather,Automatic,50 meters,39.0,8.5,20.0,Silver,Sapphire,Date,70 hours,7500
Tudor,Black Bay GMT,Stainless Steel,Stainless Steel,Automatic,200 meters,41.0,14.5,22.0,Black,Sapphire,GMT,70 hours,4500
Zenith,El Primero,Stainless Steel,Leather,Automatic,100 meters,38.0,12.45,19.0,White,Sapphire,Chronograph,50 hours,6900
Longines,HydroConquest,Stainless Steel,Stainless Steel,Automatic,300 meters,41.0,12.65,20.0,Black,Sapphire,Date,64 hours,1800
Oris,Divers Sixty-Five,Stainless Steel,Leather,Automatic,100 meters,40.0,12.9,20.0,Blue,Sapphire,Date,38 hours,1500
Hamilton,Khaki Field,Stainless Steel,NATO Strap,Automatic,100 meters,38.0,9.7,20.0,Black,Sapphire,None,80 hours,595
Panerai,Luminor Marina,Stainless Steel,Leather,Automatic,300 meters,42.0,13.2,22.0,Black,Sapphire,Date,72 hours,7500
IWC,Pilot's Watch,Stainless Steel,Leather,Automatic,60 meters,41.0,15.3,22.0,Black,Sapphire,Date,72 hours,5400
Patek Philippe,Calatrava,White Gold,Leather,Manual,30 meters,37.0,7.7,20.0,White,Sapphire,None,44 hours,25000
Hublot,Big Bang,Carbon Fiber,Rubber,Automatic,100 meters,44.0,14.5,25.0,Black,Sapphire,Chronograph,72 hours,15000
Zenith,Chronomaster,Stainless Steel,Leather,Automatic,50 meters,38.0,12.6,20.0,Silver,Sapphire,Chronograph,50 hours,7500
Audemars Piguet,Royal Oak,Stainless Steel,Stainless Steel,Automatic,50 meters,41.0,9.8,20.0,Blue,Sapphire,Date,60 hours,25000
Vacheron Constantin,Overseas,Stainless Steel,Stainless Steel,Automatic,50 meters,41.0,11.0,22.0,Blue,Sapphire,Date,40 hours,18000
Breguet,Classique,White Gold,Leather,Automatic,30 meters,39.0,8.65,21.0,Silver,Sapphire,None,55 hours,20000
Ulysse Nardin,Marine,Stainless Steel,Rubber,Automatic,100 meters,42.0,12.8,22.0,Blue,Sapphire,Date,60 hours,8500
Blancpain,Fifty Fathoms,Stainless Steel,Canvas,Automatic,300 meters,45.0,15.5,23.0,Black,Sapphire,None,120 hours,10500
Girard-Perregaux,Laureato,Stainless Steel,Stainless Steel,Automatic,100 meters,42.0,10.88,22.0,Black,Sapphire,Date,54 hours,9000
Patek Philippe,Nautilus,Stainless Steel,Stainless Steel,Automatic,120 meters,40.8,8.3,21.0,Blue,Sapphire,Date,55 hours,51000
Audemars Piguet,Royal Oak,Stainless Steel,Stainless Steel,Automatic,50 meters,41.0,9.8,20.0,Blue,Sapphire,Date,60 hours,22000
IWC,Pilot's Watch,Stainless Steel,Leather,Automatic,60 meters,46.2,15.0,20.0,Black,Sapphire,Chronograph,68 hours,7500
Blancpain,Fifty Fathoms,Titanium,Fabric,Automatic,300 meters,45.0,15.4,23.0,Black,Sapphire,Date,120 hours,14500
Vacheron Constantin,Overseas,Stainless Steel,Stainless Steel,Automatic,150 meters,41.0,11.0,22.0,Silver,Sapphire,Date,60 hours,21500
Zenith,El Primero,Stainless Steel,Leather,Automatic,100 meters,42.0,12.75,20.0,Black,Sapphire,Chronograph,50 hours,7500
Hublot,Big Bang,Titanium,Rubber,Automatic,100 meters,44.0,14.5,22.0,Black,Sapphire,Chronograph,72 hours,15000
Breguet,Classique,18k Rose Gold,Leather,Automatic,30 meters,39.0,10.2,22.0,Silver,Sapphire,None,40 hours,18000
Chopard,Happy Sport,Stainless Steel,Leather,Quartz,30 meters,30.0,10.5,17.0,White,Sapphire,None,,5000
Girard-Perregaux,Laureato,Stainless Steel,Stainless Steel,Automatic,100 meters,41.0,10.88,22.0,Blue,Sapphire,Date,54 hours,11500
Panerai,Luminor Marina,Stainless Steel,Leather,Automatic,300 meters,44.0,15.65,24.0,Black,Sapphire,Date,72 hours,8000
Tudor,Black Bay,Stainless Steel,Leather,Automatic,200 meters,41.0,14.75,22.0,Black,Sapphire,None,70 hours,3800
Panerai,Luminor,Stainless Steel,Leather,Manual,100 meters,44.0,13.05,24.0,Black,Sapphire,None,56 hours,6400
IWC,Portugieser,Stainless Steel,Leather,Automatic,30 meters,41.0,12.3,22.0,Silver,Sapphire,Date,60 hours,8900
Audemars Piguet,Royal Oak,Stainless Steel,Stainless Steel,Automatic,50 meters,41.0,9.8,20.0,Blue,Sapphire,Date,60 hours,20400
Vacheron Constantin,Overseas,Stainless Steel,Rubber,Automatic,150 meters,41.0,11.0,21.0,Blue,Sapphire,Date,60 hours,22000
Patek Philippe,Nautilus,Stainless Steel,Stainless Steel,Automatic,120 meters,40.8,8.3,21.0,Blue,Sapphire,Date,45 hours,62500
Blancpain,Fifty Fathoms,Stainless Steel,Canvas,Automatic,300 meters,45.0,15.5,23.0,Black,Sapphire,Date,120 hours,14900
Chopard,Mille Miglia,Stainless Steel,Leather,Automatic,50 meters,42.0,12.67,20.0,Silver,Sapphire,Chronograph,42 hours,5900
Longines,Master Collection,Stainless Steel,Leather,Automatic,30 meters,40.0,9.35,20.0,Silver,Sapphire,Date,64 hours,1500
Montblanc,Heritage,Stainless Steel,Leather,Automatic,50 meters,40.0,9.85,20.0,Black,Sapphire,Date,38 hours,2700
Zenith,El Primero,Stainless Steel,Leather,Automatic,100 meters,42.0,12.75,20.0,Black,Sapphire,Chronograph,50 hours,6500
Rolex,Datejust,Stainless Steel,Stainless Steel,Automatic,100 meters,41.0,11.8,21.0,Blue,Sapphire,Date,70 hours,7800
Omega,Speedmaster,Stainless Steel,Stainless Steel,Automatic,50 meters,42.0,13.75,20.0,Black,Sapphire,"Chronograph, Date",48 hours,5300
Tag Heuer,Monaco,Stainless Steel,Leather,Automatic,100 meters,39.0,14.5,22.0,Blue,Sapphire,Chronograph,42 hours,5900
Breitling,Superocean,Stainless Steel,Rubber,Automatic,1000 meters,44.0,14.21,22.0,Blue,Sapphire,Date,38 hours,3800
Cartier,Ballon Bleu,Stainless Steel,Stainless Steel,Automatic,30 meters,42.0,13.0,22.0,Silver,Sapphire,Date,42 hours,7500
Jaeger-LeCoultre,Master Ultra Thin,Stainless Steel,Leather,Automatic,50 meters,39.0,7.5,20.0,White,Sapphire,Date,38 hours,6200
Rolex,GMT-Master II,Stainless Steel,Stainless Steel,Automatic,100 meters,40.0,12.5,20.0,Black,Sapphire,"GMT, Date",70 hours,9500
Omega,Aqua Terra,Stainless Steel,Stainless Steel,Automatic,150 meters,41.5,13.0,20.0,Silver,Sapphire,Date,60 hours,4700
Tag Heuer,Aquaracer,Stainless Steel,Stainless Steel,Automatic,300 meters,41.0,12.5,20.0,Black,Sapphire,Date,38 hours,2700
Breitling,Avenger II,Stainless Steel,Rubber,Automatic,300 meters,43.0,16.5,22.0,Black,Sapphire,"Chronograph, Date",42 hours,4600
Cartier,Santos,Stainless Steel,Leather,Automatic,100 meters,35.1,8.83,22.0,Silver,Sapphire,Date,42 hours,5300
Rolex,Daytona,Yellow Gold,Leather,Automatic,100 meters,40.0,12.4,20.0,Ivory,Sapphire,Chronograph,72 hours,39500
Omega,Speedmaster,Stainless Steel,Stainless Steel,Manual,50 meters,42.0,14.3,20.0,Black,Sapphire,Chronograph,48 hours,5400
TAG Heuer,Monaco,Stainless Steel,Leather,Automatic,100 meters,39.0,14.0,22.0,Blue,Sapphire,Chronograph,42 hours,6550
Cartier,Santos-Dumont,Stainless Steel,Leather,Quartz,30 meters,43.5,7.3,23.0,Silver,Sapphire,None,,5300
Breitling,Superocean,Stainless Steel,Rubber,Automatic,1000 meters,42.0,13.32,20.0,Blue,Sapphire,Date,38 hours,3850
Patek Philippe,Calatrava,White Gold,Leather,Automatic,30 meters,39.0,8.25,20.0,Silver,Sapphire,None,48 hours,25800
Tudor,Black Bay,Stainless Steel,Fabric,Automatic,200 meters,41.0,11.9,22.0,Black,Sapphire,Date,70 hours,4100
Blancpain,Fifty Fathoms,Stainless Steel,Rubber,Automatic,300 meters,45.0,15.5,23.0,Black,Sapphire,Date,120 hours,12900
IWC,Portugieser,Stainless Steel,Leather,Automatic,30 meters,41.0,12.3,22.0,Blue,Sapphire,None,60 hours,6900
Vacheron Constantin,Overseas,Stainless Steel,Rubber,Automatic,150 meters,41.0,11.0,22.0,Blue,Sapphire,Date,40 hours,19800
Rolex,Datejust,Stainless Steel,Stainless Steel,Automatic,100 meters,36.0,12.0,20.0,Black,Sapphire,Date,70 hours,8100
Rolex,Datejust,Stainless Steel,Stainless Steel,Automatic,100 meters,36.0,12.5,20.0,Black,Sapphire,Date,70 hours,6500
Omega,Speedmaster Moonwatch,Stainless Steel,Stainless Steel,Manual,50 meters,42.0,14.3,20.0,Black,Hesalite,Chronograph,48 hours,5400
Patek Philippe,Nautilus,Stainless Steel,Stainless Steel,Automatic,120 meters,40.5,8.3,20.0,Blue,Sapphire,Date,55 hours,44000
Cartier,Ballon Bleu,18k Rose Gold,Leather,Automatic,30 meters,33.0,9.96,18.0,Silver,Sapphire,Date,42 hours,13200
Hublot,Classic Fusion,18k King Gold,Rubber,Automatic,50 meters,42.0,10.5,22.0,Blue,Sapphire,None,42 hours,20200
Audemars Piguet,Royal Oak,Stainless Steel,Stainless Steel,Automatic,50 meters,41.0,10.4,20.0,Blue,Sapphire,Date,60 hours,24800
IWC,Pilot's Watch,Stainless Steel,Leather,Automatic,60 meters,41.0,12.8,22.0,Black,Sapphire,Date,42 hours,4800
Tudor,Black Bay GMT,Stainless Steel,Stainless Steel,Automatic,200 meters,41.0,14.5,22.0,Black,Sapphire,GMT,70 hours,4000
Breguet,Classique,18k White Gold,Leather,Manual,30 meters,40.0,6.95,20.0,White,Sapphire,None,65 hours,22500
Blancpain,Fifty Fathoms,Stainless Steel,Rubber,Automatic,300 meters,45.0,15.4,23.0,Black,Sapphire,Date,120 hours,12500
Chopard,Mille Miglia,Stainless Steel,Leather,Automatic,50 meters,42.0,12.67,22.0,Black,Sapphire,Chronograph,42 hours,6900
Panerai,Luminor,Titanium,Leather,Automatic,100 meters,44.0,15.65,24.0,Black,Sapphire,None,72 hours,7500
Audemars Piguet,Royal Oak,Stainless Steel,Stainless Steel,Automatic,50 meters,41.0,10.4,20.0,Blue,Sapphire,"Date, Stopwatch",60 hours,25000
Patek Philippe,Nautilus,Stainless Steel,Stainless Steel,Automatic,120 meters,40.5,8.3,22.0,Blue,Sapphire,"Date, Moon Phase",45 hours,70000
IWC,Pilot's Watch,Stainless Steel,Leather,Automatic,60 meters,41.0,10.8,20.0,Black,Sapphire,"Date, Stopwatch",42 hours,5500
Blancpain,Fifty Fathoms,Titanium,Fabric,Automatic,300 meters,45.0,15.4,23.0,Black,Sapphire,Date,120 hours,12000
Ulysse Nardin,Marine,Stainless Steel,Rubber,Automatic,100 meters,44.0,14.4,22.0,Blue,Sapphire,"Date, Power Reserve",60 hours,7500
Breguet,Classique,Rose Gold,Leather,Automatic,30 meters,38.0,8.25,20.0,Silver,Sapphire,None,45 hours,20000
Girard-Perregaux,Laureato,Stainless Steel,Stainless Steel,Automatic,100 meters,38.0,10.88,22.0,Black,Sapphire,None,46 hours,8500
Hublot,Big Bang,Ceramic,Rubber,Automatic,100 meters,42.0,14.1,24.0,Black,Sapphire,"Date, Chronograph",42 hours,12000
Zenith,Chronomaster,Stainless Steel,Leather,Automatic,100 meters,42.0,14.05,20.0,Silver,Sapphire,"Date, Chronograph",50 hours,6000
Vacheron Constantin,Overseas,Stainless Steel,Rubber,Automatic,150 meters,41.0,11.0,22.0,Blue,Sapphire,Date,40 hours,12000
Audemars Piguet,Royal Oak,Stainless Steel,Stainless Steel,Automatic,50 meters,41.0,10.4,20.0,Black,Sapphire,Date,60 hours,22000
Hublot,Classic Fusion,Titanium,Rubber,Automatic,50 meters,42.0,10.5,22.0,Blue,Sapphire,Date,42 hours,8500
Panerai,Luminor Marina,Stainless Steel,Leather,Manual,300 meters,44.0,15.65,24.0,Black,Sapphire,None,56 hours,7200
Breguet,Classique,18K White Gold,Leather,Manual,30 meters,40.0,6.1,20.0,Silver,Sapphire,None,65 hours,16000
Chopard,Happy Sport,Stainless Steel,Stainless Steel,Quartz,30 meters,30.0,7.2,15.0,Silver,Sapphire,Date,,5800
Ulysse Nardin,Marine,Stainless Steel,Rubber,Automatic,100 meters,42.2,12.6,22.0,Blue,Sapphire,Date,60 hours,8900
IWC,Portugieser Chronograph,Stainless Steel,Leather,Automatic,30 meters,41.0,13.1,20.0,White,Sapphire,Chronograph,46 hours,7600
Patek Philippe,Nautilus,Stainless Steel,Stainless Steel,Automatic,120 meters,40.8,8.3,20.0,Blue,Sapphire,Date,45 hours,57000
Montblanc,1858 Geosphere,Titanium,Leather,Automatic,100 meters,42.0,12.8,22.0,Black,Sapphire,GMT,42 hours,6500
Vacheron Constantin,Overseas,Stainless Steel,Stainless Steel,Automatic,150 meters,41.5,11.0,22.0,Blue,Sapphire,Date,60 hours,21000
Zenith,Chronomaster El Primero,Stainless Steel,Leather,Automatic,100 meters,38.0,12.45,20.0,Silver,Sapphire,Chronograph,50 hours,6000
Rolex,Daytona,18k Yellow Gold,Leather,Automatic,100 meters,40.0,12.4,20.0,Champagne,Sapphire,Chronograph,72 hours,29500
Audemars Piguet,Royal Oak,Rose Gold,Rose Gold,Automatic,50 meters,37.0,9.8,18.0,Blue,Sapphire,None,60 hours,36500
Patek Philippe,Nautilus,Stainless Steel,Stainless Steel,Automatic,120 meters,40.5,8.3,22.0,Blue,Sapphire,Date,45 hours,51000
IWC,Portuguese,Stainless Steel,Leather,Automatic,30 meters,42.3,14.2,22.0,White,Sapphire,Date,60 hours,8800
Blancpain,Fifty Fathoms,Stainless Steel,Rubber,Automatic,300 meters,45.0,15.4,23.0,Black,Sapphire,Date,120 hours,13500
Hublot,Big Bang,Carbon Fiber,Rubber,Automatic,100 meters,44.0,14.5,22.0,Black,Sapphire,Chronograph,72 hours,19500
Ulysse Nardin,Marine,Stainless Steel,Rubber,Automatic,100 meters,43.0,12.6,22.0,Blue,Sapphire,Date,60 hours,7000
Breguet,Classique,18k White Gold,Leather,Manual,30 meters,38.0,7.45,20.0,Silver,Sapphire,None,65 hours,23000
Girard-Perregaux,Laureato,Stainless Steel,Stainless Steel,Automatic,100 meters,42.0,10.88,25.0,Black,Sapphire,Date,46 hours,9500
Piaget,Altiplano,18k White Gold,Leather,Manual,30 meters,40.0,6.36,20.0,Silver,Sapphire,None,43 hours,18500
Vacheron Constantin,Patrimony,18k Rose Gold,Leather,Manual,30 meters,42.0,7.65,20.0,Silver,Sapphire,None,65 hours,22500
Panerai,Luminor Marina,Stainless Steel,Leather,Automatic,300 meters,44.0,15.65,22.0,Black,Sapphire,"Date, GMT",72 hours,7500
IWC,Portugieser,Stainless Steel,Leather,Automatic,30 meters,41.0,12.3,22.0,Blue,Sapphire,Date,60 hours,6500
Audemars Piguet,Royal Oak,Stainless Steel,Stainless Steel,Automatic,50 meters,41.0,9.8,20.0,Blue,Sapphire,Date,60 hours,20000
Hublot,Big Bang,Carbon Fiber,Rubber,Automatic,100 meters,44.0,14.5,26.0,Black,Sapphire,Chronograph,72 hours,12000
Girard-Perregaux,Laureato,Stainless Steel,Stainless Steel,Automatic,100 meters,42.0,10.88,22.0,Blue,Sapphire,Date,54 hours,6500
Chopard,Mille Miglia,Stainless Steel,Leather,Automatic,50 meters,42.0,11.43,22.0,Black,Sapphire,Chronograph,48 hours,6200
Vacheron Constantin,Overseas,Stainless Steel,Stainless Steel,Automatic,150 meters,41.0,11.0,22.0,Blue,Sapphire,Date,60 hours,15000
Piaget,Altiplano,White Gold,Leather,Manual,30 meters,40.0,6.36,20.0,Silver,Sapphire,None,44 hours,22000
Zenith,El Primero,Stainless Steel,Leather,Automatic,100 meters,42.0,12.75,22.0,Black,Sapphire,Chronograph,50 hours,5500
Breguet,Classique,White Gold,Leather,Automatic,30 meters,39.0,10.2,22.0,Silver,Sapphire,None,45 hours,19000
Tudor,Black Bay,Stainless Steel,Leather,Automatic,200 meters,41.0,12.7,22.0,Black,Sapphire,None,70 hours,3500
Rolex,Datejust,Stainless Steel,Stainless Steel,Automatic,100 meters,36.0,12.5,20.0,Blue,Sapphire,"Date, Cyclops",70 hours,7400
Omega,Speedmaster,Stainless Steel,Stainless Steel,Automatic,50 meters,42.0,14.3,20.0,Black,Hesalite,Chronograph,48 hours,5000
Cartier,Santos,Stainless Steel,Stainless Steel,Automatic,100 meters,39.8,9.08,20.0,Silver,Sapphire,Date,42 hours,6200
TAG Heuer,Aquaracer,Stainless Steel,Stainless Steel,Automatic,300 meters,43.0,12.5,21.0,Black,Sapphire,Date,38 hours,3100
Breitling,Superocean,Stainless Steel,Rubber,Automatic,1000 meters,42.0,13.3,20.0,Blue,Sapphire,Date,38 hours,4100
Panerai,Luminor Marina,Stainless Steel,Leather,Automatic,300 meters,44.0,13.05,24.0,Black,Sapphire,None,72 hours,6500
Tudor,Black Bay,Stainless Steel,Leather,Automatic,200 meters,41.0,12.7,22.0,Black,Sapphire,Date,70 hours,3800
Zenith,Elite Classic,Stainless Steel,Leather,Automatic,50 meters,39.0,8.15,20.0,Silver,Sapphire,Date,50 hours,4900
Longines,Conquest Classic,Stainless Steel,Leather,Automatic,50 meters,40.0,10.75,20.0,Silver,Sapphire,Date,54 hours,1850
Montblanc,Star Legacy,Stainless Steel,Leather,Automatic,50 meters,42.0,11.4,22.0,White,Sapphire,"Date, Moonphase",42 hours,3900
Baume & Mercier,Clifton Baumatic,Stainless Steel,Leather,Automatic,50 meters,40.0,10.3,20.0,Silver,Sapphire,Date,120 hours,2750
Rolex,Datejust,Stainless Steel,Jubilee Bracelet,Automatic,100 meters,41.0,11.8,20.0,Blue,Sapphire,Date,70 hours,9500
Omega,Speedmaster Moonwatch,Stainless Steel,Stainless Steel,Manual,50 meters,42.0,13.75,20.0,Black,Hesalite,"Chronograph, Tachymeter",48 hours,5350
Breitling,Superocean Heritage,Stainless Steel,Stainless Steel,Automatic,200 meters,44.0,14.2,22.0,Blue,Sapphire,Date,38 hours,3250
Cartier,Santos-Dumont,18K Yellow Gold,Leather,Manual,30 meters,27.5,6.5,18.0,Silver,Sapphire,None,,14200
Tag Heuer,Monaco,Stainless Steel,Leather,Automatic,100 meters,39.0,14.0,22.0,Blue,Sapphire,Chronograph,40 hours,4950
Jaeger-LeCoultre,Master Control,Stainless Steel,Leather,Automatic,50 meters,40.0,8.5,20.0,Silver,Sapphire,"Date, Moonphase",70 hours,6500
Panerai,Luminor,Titanium,Rubber,Manual,300 meters,44.0,15.6,24.0,Black,Sapphire,None,72 hours,8500
Audemars Piguet,Royal Oak,Stainless Steel,Stainless Steel,Automatic,50 meters,41.0,10.4,20.0,Blue,Sapphire,Date,60 hours,27000
IWC,Portugieser,Stainless Steel,Leather,Automatic,30 meters,40.4,12.3,20.0,Silver,Sapphire,Chronograph,46 hours,7250
Patek Philippe,Calatrava,18K White Gold,Leather,Manual,30 meters,38.0,8.25,20.0,White,Sapphire,None,44 hours,25000
Bell & Ross,BR 03-92,Ceramic,Rubber,Automatic,100 meters,42.0,9.8,24.0,Black,Sapphire,None,40 hours,3800
Rolex,Datejust,Stainless Steel,Stainless Steel,Automatic,100 meters,36.0,12.5,20.0,Silver,Sapphire,"Date, Cyclops Lens",70 hours,8000
Omega,Speedmaster,Stainless Steel,Stainless Steel,Manual,50 meters,42.0,14.3,20.0,Black,Hesalite,"Chronograph, Tachymeter",48 hours,4500
Patek Philippe,Nautilus,Stainless Steel,Stainless Steel,Automatic,120 meters,40.8,8.3,20.0,Blue,Sapphire,Date,45 hours,52000
Audemars Piguet,Royal Oak,Stainless Steel,Stainless Steel,Automatic,50 meters,41.0,10.4,20.0,Blue,Sapphire,Date,60 hours,28500
IWC,Pilot's Watch Mark,Stainless Steel,Leather,Automatic,60 meters,41.0,12.5,20.0,Black,Sapphire,"Date, Chronograph",44 hours,6800
Hublot,Big Bang,Ceramic,Rubber,Automatic,100 meters,42.0,14.1,24.0,Black,Sapphire,Chronograph,72 hours,16000
Zenith,El Primero,Stainless Steel,Leather,Automatic,100 meters,42.0,12.75,20.0,Black,Sapphire,Chronograph,50 hours,6500
Breguet,Classique,18K White Gold,Leather,Automatic,30 meters,39.0,8.65,20.0,Silver,Sapphire,None,40 hours,19000
Blancpain,Fifty Fathoms,Stainless Steel,Rubber,Automatic,300 meters,45.0,15.5,23.0,Black,Sapphire,Date,120 hours,13500
Girard-Perregaux,Laureato,Stainless Steel,Stainless Steel,Automatic,100 meters,42.0,10.88,25.0,Black,Sapphire,Date,46 hours,8000
Jaquet Droz,Grande Seconde,Stainless Steel,Leather,Automatic,30 meters,43.0,12.48,23.0,Silver,Sapphire,None,68 hours,10000
Rolex,GMT-Master II,Stainless Steel,Stainless Steel,Automatic,100 meters,40.0,12.5,20.0,Black,Sapphire,"Date, GMT",70 hours,9700
Patek Philippe,Nautilus,Stainless Steel,Stainless Steel,Automatic,120 meters,40.5,8.3,21.0,Blue,Sapphire,Date,45 hours,29800
Omega,Speedmaster,Stainless Steel,Stainless Steel,Manual,50 meters,42.0,14.3,20.0,Black,Hesalite,Chronograph,48 hours,5350
Audemars Piguet,Royal Oak,Stainless Steel,Stainless Steel,Automatic,50 meters,41.0,9.8,20.0,Blue,Sapphire,Date,60 hours,18500
IWC,Pilot's Watch,Stainless Steel,Leather,Automatic,60 meters,43.0,15.0,22.0,Black,Sapphire,Date,72 hours,4950
Zenith,El Primero,Stainless Steel,Leather,Automatic,100 meters,42.0,12.75,20.0,White,Sapphire,"Chronograph, Date",50 hours,7900
Cartier,Santos-Dumont,Stainless Steel,Leather,Manual,30 meters,31.4,7.25,18.0,Silver,Sapphire,None,,4500
Hublot,Big Bang,Titanium,Rubber,Automatic,100 meters,44.0,14.5,24.0,Black,Sapphire,"Chronograph, Date",72 hours,16000
Girard-Perregaux,Laureato,Stainless Steel,Stainless Steel,Automatic,100 meters,42.0,10.88,22.0,Blue,Sapphire,Date,54 hours,12800
Jaeger-LeCoultre,Master Control,Stainless Steel,Leather,Automatic,50 meters,40.0,8.78,20.0,Silver,Sapphire,"Date, Power Reserve Indicator",70 hours,8500
IWC,Portugieser,Stainless Steel,Leather,Automatic,30 meters,41.0,12.3,22.0,Blue,Sapphire,"Date, Power Reserve Indicator",42 hours,8500
Panerai,Luminor,Titanium,Rubber,Automatic,300 meters,44.0,13.05,24.0,Black,Sapphire,"Date, Sub Seconds",72 hours,7500
Patek Philippe,Nautilus,Stainless Steel,Stainless Steel,Automatic,120 meters,40.5,8.3,20.0,Blue,Sapphire,Date,45 hours,39000
Audemars Piguet,Royal Oak,Stainless Steel,Stainless Steel,Automatic,50 meters,37.0,9.8,20.0,Blue,Sapphire,Date,40 hours,19500
Hublot,Big Bang,Titanium,Rubber,Automatic,100 meters,44.0,14.5,24.0,Black,Sapphire,"Date, Chronograph",72 hours,13000
Zenith,El Primero,Stainless Steel,Leather,Automatic,100 meters,42.0,12.75,20.0,White,Sapphire,"Date, Chronograph, Moon Phase",50 hours,7500
Vacheron Constantin,Overseas,Stainless Steel,Stainless Steel,Automatic,150 meters,41.0,11.0,22.0,Blue,Sapphire,"Date, World Time",60 hours,23000
Breguet,Classique,18K White Gold,Leather,Manual,30 meters,40.0,6.95,20.0,Silver,Sapphire,None,50 hours,24000
Blancpain,Fifty Fathoms,Stainless Steel,Fabric,Automatic,300 meters,45.0,15.5,23.0,Black,Sapphire,"Date, Power Reserve Indicator",120 hours,11000
Chopard,Mille Miglia,Stainless Steel,Leather,Automatic,50 meters,44.0,14.45,22.0,Black,Sapphire,"Date, Chronograph",42 hours,6000
Rolex,Datejust,Stainless Steel,Stainless Steel,Automatic,100 meters,36.0,12.0,20.0,Silver,Sapphire,Date,70 hours,7500
Omega,Speedmaster,Stainless Steel,Stainless Steel,Automatic,50 meters,42.0,13.7,20.0,Black,Sapphire,"Chronograph, Tachymeter",60 hours,6500
Tag Heuer,Aquaracer,Stainless Steel,Stainless Steel,Automatic,300 meters,43.0,13.0,21.0,Blue,Sapphire,Date,38 hours,3700
Breitling,Superocean,Stainless Steel,Rubber,Automatic,200 meters,44.0,14.2,22.0,Black,Sapphire,Date,42 hours,4500
Cartier,Ballon Bleu,Stainless Steel,Stainless Steel,Automatic,30 meters,42.0,13.0,22.0,Silver,Sapphire,Date,42 hours,7500
Jaeger-LeCoultre,Master Control,Stainless Steel,Leather,Automatic,50 meters,40.0,8.8,20.0,Silver,Sapphire,"Date, Power Reserve",70 hours,6000
Rolex,GMT-Master II,Stainless Steel,Stainless Steel,Automatic,100 meters,40.0,12.5,20.0,Black,Sapphire,Dual Time Zone,70 hours,9500
Omega,Constellation,Stainless Steel,Stainless Steel,Automatic,100 meters,39.0,10.6,20.0,Black,Sapphire,Date,50 hours,4800
Tag Heuer,Monaco,Stainless Steel,Leather,Automatic,100 meters,39.0,14.5,22.0,Blue,Sapphire,Chronograph,40 hours,5200
Breitling,Chronomat,Stainless Steel,Stainless Steel,Automatic,200 meters,44.0,16.95,22.0,Blue,Sapphire,"Chronograph, Date",70 hours,6900
Cartier,Santos,Stainless Steel,Stainless Steel,Automatic,100 meters,35.1,8.83,18.0,Silver,Sapphire,Date,42 hours,5500
Rolex,Datejust,Stainless Steel,Stainless Steel,Automatic,100 meters,41.0,11.7,20.0,White,Sapphire,Date,70 hours,8000
Patek Philippe,Nautilus,Stainless Steel,Stainless Steel,Automatic,120 meters,40.5,8.3,21.0,Blue,Sapphire,Date,45 hours,40000
Audemars Piguet,Royal Oak,Stainless Steel,Stainless Steel,Automatic,50 meters,37.0,9.0,16.0,Blue,Sapphire,Date,60 hours,18000
IWC,Portugieser,Stainless Steel,Leather,Automatic,30 meters,40.4,12.3,22.0,White,Sapphire,Date,60 hours,7500
Hublot,Big Bang,Titanium,Rubber,Automatic,100 meters,44.0,14.5,25.0,Black,Sapphire,Chronograph,72 hours,14000
Blancpain,Fifty Fathoms,Stainless Steel,Canvas,Automatic,300 meters,45.0,15.4,23.0,Black,Sapphire,Date,120 hours,14000
Breguet,Classique,Rose Gold,Leather,Manual,30 meters,40.0,6.8,20.0,Silver,Sapphire,None,55 hours,25000
Jaeger-LeCoultre,Master Ultra Thin,Stainless Steel,Leather,Automatic,50 meters,39.0,7.8,20.0,Silver,Sapphire,None,70 hours,6500
Zenith,El Primero,Stainless Steel,Stainless Steel,Automatic,100 meters,42.0,12.75,20.0,Blue,Sapphire,Chronograph,50 hours,7000
Bulgari,Octo Finissimo,Titanium,Titanium,Automatic,30 meters,40.0,5.15,28.0,Black,Sapphire,None,55 hours,10000
Girard-Perregaux,Laureato,Stainless Steel,Stainless Steel,Automatic,100 meters,42.0,10.88,22.0,Blue,Sapphire,Date,54 hours,9000
Rolex,GMT-Master II,Stainless Steel,Stainless Steel,Automatic,100 meters,40.0,12.1,20.0,Black,Sapphire,"GMT, Date",70 hours,9450
Patek Philippe,Nautilus,Stainless Steel,Stainless Steel,Automatic,120 meters,40.8,8.3,21.0,Blue,Sapphire,Date,55 hours,29800
Audemars Piguet,Royal Oak,Stainless Steel,Stainless Steel,Automatic,50 meters,41.0,9.8,20.0,Blue,Sapphire,"Date, Chronograph",50 hours,22300
Hublot,Classic Fusion,Titanium,Rubber,Automatic,50 meters,42.0,10.6,22.0,Black,Sapphire,Date,42 hours,8100
IWC,Pilot's Watch Mark XVIII,Stainless Steel,Leather,Automatic,60 meters,40.0,10.8,20.0,Black,Sapphire,Date,42 hours,3900
A. Lange & Söhne,Saxonia,Rose Gold,Leather,Manual,30 meters,38.5,7.8,18.0,Silver,Sapphire,None,72 hours,23300
Breguet,Classique,Rose Gold,Leather,Automatic,30 meters,39.0,8.65,20.0,Silver,Sapphire,Date,65 hours,23200
Chopard,Mille Miglia,Stainless Steel,Leather,Automatic,50 meters,44.0,14.4,22.0,Black,Sapphire,"Date, Chronograph, Tachymeter",42 hours,6300
Zenith,El Primero,Stainless Steel,Leather,Automatic,100 meters,38.0,12.45,20.0,White,Sapphire,"Date, Chronograph",50 hours,5600
Panerai,Luminor,Titanium,Leather,Manual,100 meters,44.0,13.05,24.0,Black,Sapphire,None,56 hours,6900
Rolex,Daytona,Stainless Steel,Stainless Steel,Automatic,100 meters,40.0,12.4,20.0,White,Sapphire,Chronograph,72 hours,13500
Omega,Speedmaster,Stainless Steel,Stainless Steel,Manual,50 meters,42.0,14.3,20.0,Black,Hesalite,Chronograph,48 hours,4500
Cartier,Santos,Stainless Steel,Leather,Automatic,100 meters,39.8,9.08,20.0,Silver,Sapphire,Date,42 hours,6600
Breitling,Superocean Heritage,Stainless Steel,Leather,Automatic,200 meters,42.0,14.35,20.0,Black,Sapphire,Date,38 hours,4400
Tag Heuer,Aquaracer,Stainless Steel,Stainless Steel,Automatic,300 meters,41.0,12.0,20.0,Blue,Sapphire,Date,38 hours,2800
Jaeger-LeCoultre,Master Ultra Thin,Stainless Steel,Leather,Automatic,50 meters,40.0,7.45,20.0,Silver,Sapphire,None,43 hours,6300
Patek Philippe,Calatrava,18k Rose Gold,Leather,Manual,30 meters,38.0,7.68,19.0,White,Sapphire,None,44 hours,22900
Audemars Piguet,Royal Oak,Stainless Steel,Stainless Steel,Automatic,50 meters,41.0,9.8,20.0,Black,Sapphire,Date,60 hours,22500
Zenith,El Primero,Stainless Steel,Stainless Steel,Automatic,100 meters,42.0,12.75,20.0,Blue,Sapphire,Chronograph,50 hours,6900
Vacheron Constantin,Overseas,Stainless Steel,Stainless Steel,Automatic,150 meters,41.0,11.0,20.0,Black,Sapphire,"Date, World Time",60 hours,20200
IWC,Portugieser,Stainless Steel,Leather,Automatic,30 meters,40.4,12.6,20.0,Silver,Sapphire,None,44 hours,7600
Panerai,Luminor Marina,Stainless Steel,Leather,Automatic,300 meters,44.0,15.65,24.0,Black,Sapphire,Date,72 hours,6500
Patek Philippe,Nautilus,Stainless Steel,Stainless Steel,Automatic,120 meters,40.5,8.3,21.0,Blue,Sapphire,Date,45 hours,34000
Audemars Piguet,Royal Oak,Stainless Steel,Stainless Steel,Automatic,50 meters,41.0,9.8,20.0,Black,Sapphire,Date,60 hours,22000
IWC,Portugieser,Stainless Steel,Leather,Automatic,30 meters,41.0,12.3,22.0,White,Sapphire,Date,168 hours,9500
Hublot,Big Bang,Ceramic,Rubber,Automatic,100 meters,41.0,14.6,20.0,Black,Sapphire,Chronograph,42 hours,14000
Breguet,Classique,18k Rose Gold,Leather,Manual,30 meters,39.0,10.2,22.0,Silver,Sapphire,None,40 hours,26000
Zenith,El Primero,Stainless Steel,Leather,Automatic,100 meters,38.0,12.5,20.0,Silver,Sapphire,Chronograph,50 hours,7000
Blancpain,Fifty Fathoms,Stainless Steel,NATO strap,Automatic,300 meters,45.0,15.4,23.0,Black,Sapphire,None,120 hours,10000
Girard-Perregaux,Laureato,Stainless Steel,Stainless Steel,Automatic,100 meters,42.0,10.88,22.0,Blue,Sapphire,Date,54 hours,11500
Ulysse Nardin,Marine,Stainless Steel,Leather,Automatic,100 meters,42.2,12.6,20.0,Blue,Sapphire,Date,60 hours,7500
Vacheron Constantin,Overseas,Stainless Steel,Stainless Steel,Automatic,150 meters,41.5,11.0,22.0,Silver,Sapphire,Date,60 hours,20000
Patek Philippe,Nautilus,Stainless Steel,Stainless Steel,Automatic,120 meters,40.0,8.3,20.0,Blue,Sapphire,Date,45 hours,26000
Audemars Piguet,Royal Oak,Stainless Steel,Stainless Steel,Automatic,50 meters,41.0,10.4,20.0,Grey,Sapphire,Date,60 hours,17000
IWC,Portugieser,Stainless Steel,Leather,Automatic,30 meters,42.3,14.2,22.0,White,Sapphire,Chronograph,46 hours,7800
A. Lange & Söhne,Saxonia,18k Rose Gold,Leather,Manual,30 meters,37.0,7.5,18.0,Silver,Sapphire,None,45 hours,17500
Vacheron Constantin,Overseas,Stainless Steel,Rubber,Automatic,150 meters,42.5,13.7,22.0,Blue,Sapphire,Date,40 hours,20000
Girard-Perregaux,Laureato,Stainless Steel,Stainless Steel,Automatic,100 meters,41.0,10.88,26.0,Black,Sapphire,Chronograph,46 hours,12000
Zenith,El Primero,Stainless Steel,Leather,Automatic,100 meters,42.0,12.75,22.0,Silver,Sapphire,Chronograph,50 hours,7500
Blancpain,Fifty Fathoms,Stainless Steel,Rubber,Automatic,300 meters,45.0,15.5,23.0,Black,Sapphire,Date,120 hours,14000
Hublot,Classic Fusion,Titanium,Rubber,Automatic,50 meters,45.0,10.95,22.0,Blue,Sapphire,None,42 hours,9500
Breguet,Classique,18k White Gold,Leather,Manual,30 meters,38.0,8.25,20.0,Silver,Sapphire,None,40 hours,22000
Piaget,Polo,Stainless Steel,Stainless Steel,Automatic,100 meters,42.0,9.4,22.0,Blue,Sapphire,Date,44 hours,10500
Patek Philippe,Nautilus,Stainless Steel,Stainless Steel,Automatic,120 meters,40.5,8.3,22.0,Blue,Sapphire,Date,45 hours,29000
Audemars Piguet,Royal Oak,Rose Gold,Leather,Automatic,50 meters,37.0,9.8,20.0,Black,Sapphire,Date,60 hours,38500
Hublot,Classic Fusion,Titanium,Rubber,Automatic,50 meters,42.0,9.85,22.0,Blue,Sapphire,None,42 hours,7500
Breguet,Classique,Rose Gold,Leather,Automatic,30 meters,39.0,10.2,20.0,Silver,Sapphire,None,65 hours,25000
IWC,Pilot's Watch,Stainless Steel,Leather,Automatic,60 meters,41.0,15.3,20.0,Black,Sapphire,Date,42 hours,5900
Blancpain,Fifty Fathoms,Stainless Steel,NATO Strap,Automatic,300 meters,45.0,15.5,23.0,Black,Sapphire,Date,120 hours,12000
Zenith,El Primero,Stainless Steel,Leather,Automatic,100 meters,38.0,12.45,20.0,Silver,Sapphire,Chronograph,50 hours,6200
Chopard,Mille Miglia,Stainless Steel,Rubber,Automatic,50 meters,42.0,13.07,20.0,Black,Sapphire,Chronograph,48 hours,6800
Vacheron Constantin,Patrimony,White Gold,Leather,Manual,30 meters,40.0,6.79,20.0,Silver,Sapphire,None,65 hours,28000
Panerai,Luminor,Titanium,Leather,Automatic,300 meters,44.0,16.15,24.0,Black,Sapphire,None,72 hours,9500
Tudor,Black Bay,Stainless Steel,NATO Strap,Automatic,200 meters,41.0,11.9,22.0,Black,Sapphire,None,70 hours,3500
Panerai,Luminor Marina,Stainless Steel,Leather,Automatic,300 meters,42.0,14.5,22.0,Black,Sapphire,Date,50 hours,7200
IWC,Portugieser,Stainless Steel,Leather,Automatic,30 meters,41.0,12.3,22.0,Blue,Sapphire,None,60 hours,7900
Patek Philippe,Nautilus,Stainless Steel,Stainless Steel,Automatic,120 meters,40.0,8.3,22.0,Blue,Sapphire,Date,45 hours,36000
Audemars Piguet,Royal Oak,Stainless Steel,Stainless Steel,Automatic,50 meters,41.0,10.4,20.0,Blue,Sapphire,Date,60 hours,28500
Blancpain,Fifty Fathoms,Stainless Steel,Canvas,Automatic,300 meters,45.0,15.4,23.0,Black,Sapphire,Date,120 hours,15000
Breguet,Classique,18K Yellow Gold,Leather,Automatic,30 meters,39.0,10.2,20.0,Silver,Sapphire,Date,38 hours,26000
Zenith,Chronomaster,Stainless Steel,Leather,Automatic,50 meters,42.0,13.5,22.0,Blue,Sapphire,Chronograph,50 hours,6500
Girard-Perregaux,Laureato,Stainless Steel,Stainless Steel,Automatic,100 meters,38.0,10.88,20.0,Blue,Sapphire,Date,54 hours,12000
Hublot,Big Bang,Titanium,Rubber,Automatic,100 meters,44.0,14.5,24.0,Black,Sapphire,Chronograph,72 hours,18500
Jaquet Droz,Grande Seconde,Stainless Steel,Leather,Automatic,30 meters,43.0,11.48,23.0,Black,Sapphire,None,68 hours,9500
Montblanc,Star Legacy,Stainless Steel,Leather,Automatic,50 meters,39.0,9.9,19.0,Silver,Sapphire,Date,42 hours,3500
Rolex,GMT-Master II,Stainless Steel,Stainless Steel,Automatic,100 meters,40.0,12.5,20.0,Black,Sapphire,"GMT, Date",70 hours,9900
Omega,Speedmaster,Stainless Steel,Stainless Steel,Manual,50 meters,42.0,14.3,20.0,Black,Hesalite,Chronograph,48 hours,4300
IWC,Portugieser,Stainless Steel,Leather,Automatic,30 meters,40.4,12.3,20.0,White,Sapphire,None,60 hours,7500
Hublot,Big Bang,Ceramic,Rubber,Automatic,100 meters,44.0,14.5,24.0,Black,Sapphire,Chronograph,72 hours,15500
Panerai,Luminor Marina,Stainless Steel,Leather,Manual,300 meters,44.0,13.05,24.0,Black,Sapphire,None,56 hours,5200
Patek Philippe,Calatrava,White Gold,Leather,Automatic,30 meters,37.0,8.5,18.0,White,Sapphire,Date,45 hours,25000
Audemars Piguet,Royal Oak,Stainless Steel,Stainless Steel,Automatic,50 meters,41.0,10.4,20.0,Blue,Sapphire,Date,60 hours,19500
Vacheron Constantin,Patrimony,Rose Gold,Leather,Automatic,30 meters,40.0,6.79,20.0,White,Sapphire,None,40 hours,15000
Blancpain,Fifty Fathoms,Titanium,Fabric,Automatic,300 meters,45.0,15.4,23.0,Black,Sapphire,None,120 hours,14000
Girard-Perregaux,Laureato,Stainless Steel,Stainless Steel,Automatic,100 meters,42.0,10.88,25.0,Blue,Sapphire,None,54 hours,7500
Jaquet Droz,Grande Seconde,Stainless Steel,Leather,Automatic,30 meters,43.0,11.48,22.0,White,Sapphire,None,68 hours,8500
Rolex,Datejust,Stainless Steel,Jubilee Bracelet,Automatic,100 meters,36.0,12.0,20.0,Blue,Sapphire,Date,70 hours,7650
Omega,Speedmaster,Stainless Steel,Stainless Steel,Manual,50 meters,42.0,14.3,20.0,Black,Hesalite,Chronograph,48 hours,5200
Patek Philippe,Nautilus,Stainless Steel,Stainless Steel,Automatic,120 meters,40.5,8.3,20.0,Blue,Sapphire,"Date, Chronograph",55 hours,67000
Audemars Piguet,Royal Oak,Stainless Steel,Stainless Steel,Automatic,50 meters,41.0,9.8,20.0,Blue,Sapphire,"Date, Power Reserve",60 hours,25000
Cartier,Ballon Bleu,Stainless Steel,Stainless Steel,Automatic,30 meters,36.6,12.05,18.0,Silver,Sapphire,Date,42 hours,4700
IWC,Portugieser,Stainless Steel,Leather,Automatic,30 meters,42.3,14.2,22.0,Blue,Sapphire,None,60 hours,9100
Jaeger-LeCoultre,Master Control,Stainless Steel,Leather,Automatic,50 meters,39.0,8.5,20.0,Silver,Sapphire,"Date, Moonphase",70 hours,8200
Blancpain,Fifty Fathoms,Stainless Steel,Canvas,Automatic,300 meters,45.0,15.5,23.0,Black,Sapphire,Date,120 hours,12500
Breguet,Classique,18K Rose Gold,Leather,Automatic,30 meters,39.0,9.9,22.0,White,Sapphire,"Date, Moonphase",65 hours,27900
Chopard,Mille Miglia,Stainless Steel,Rubber,Automatic,50 meters,42.0,12.67,20.0,Black,Sapphire,"Chronograph, Date",42 hours,6500
Seiko,Prospex,Stainless Steel,Silicone,Automatic,200 meters,44.3,13.1,22.0,Black,Hardlex,"Date, GMT",50 hours,1200
Tudor,Black Bay,Stainless Steel,Leather,Automatic,200 meters,41.0,14.75,22.0,Black,Sapphire,None,70 hours,3800
IWC,Pilot's Watch,Stainless Steel,Leather,Automatic,60 meters,39.0,10.86,20.0,Black,Sapphire,Date,42 hours,4500
Panerai,Luminor Marina,Titanium,Rubber,Automatic,300 meters,44.0,15.65,24.0,Black,Sapphire,None,72 hours,9500
Patek Philippe,Nautilus,Stainless Steel,Stainless Steel,Automatic,120 meters,40.5,8.3,20.0,Blue,Sapphire,Date,45 hours,35000
Audemars Piguet,Royal Oak,Stainless Steel,Stainless Steel,Automatic,50 meters,41.0,10.4,20.0,Black,Sapphire,Date,60 hours,24000
Breguet,Classique,18k Rose Gold,Leather,Automatic,30 meters,38.5,8.25,20.0,White,Sapphire,Date,38 hours,21500
Blancpain,Fifty Fathoms,Stainless Steel,Fabric,Automatic,300 meters,45.0,15.5,23.0,Black,Sapphire,Date,120 hours,13500
Longines,Master Collection,Stainless Steel,Leather,Automatic,30 meters,38.5,9.7,20.0,Blue,Sapphire,Date,64 hours,1800
Vacheron Constantin,Overseas,Stainless Steel,Stainless Steel,Automatic,150 meters,41.5,11.0,22.0,Blue,Sapphire,Date,40 hours,19000
Frederique Constant,Classics,Stainless Steel,Leather,Automatic,50 meters,40.0,10.6,20.0,Silver,Sapphire,Date,38 hours,1200
